1073657600,1074020351,US
1074020352,1074028543,CA
1074028544,1074047487,US
1074047488,1074047743,DE
1074047744,1074047999,TH
1074048000,1074053119,US
1074053120,1074054143,IN
1074054144,1074056959,US
1074056960,1074057215,GB
1074057216,1074118655,US
1074118656,1074135039,CA
1074135040,1074143999,US
1074144000,1074144255,CA
1074144256,1074145279,US
1074145280,1074145791,CA
1074145792,1074179583,US
1074179584,1074179839,RU
1074179840,1074184191,US
1074184192,1074188287,CA
1074188288,1074208767,US
1074208768,1074209279,PL
1074209280,1074212863,US
1074212864,1074216959,CA
1074216960,1074223103,US
1074223104,1074224127,IL
1074224128,1074229759,US
1074229760,1074229763,GU
1074229764,1074230783,US
1074230784,1074230797,TR
1074230798,1074230911,US
1074230912,1074231039,TR
1074231040,1074231807,US
1074231808,1074232063,TR
1074232064,1074232319,US
1074232320,1074232323,TR
1074232324,1074232831,US
1074232832,1074232835,IN
1074232836,1074232837,US
1074232838,1074232839,IN
1074232840,1074233343,US
1074233344,1074241535,CA
1074241536,1074251263,US
1074251264,1074251775,RO
1074251776,1074323455,US
1074323456,1074323967,TR
1074323968,1074324479,DE
1074324480,1074325503,TR
1074325504,1074326015,DE
1074326016,1074326527,TR
1074326528,1074327039,IN
1074327040,1074327551,IE
1074327552,1074733055,US
1074733056,1074737151,AU
1074737152,1074745343,CA
1074745344,1074757631,US
1074757632,1074765823,CA
1074765824,1074820095,US
1074820096,1074821119,CA
1074821120,1074824191,US
1074824192,1074824447,DE
1074824448,1074825215,US
1074825216,1074825471,FR
1074825472,1074825727,US
1074825728,1074825983,DE
1074825984,1074827007,US
1074827008,1074827263,FR
1074827264,1074827519,US
1074827520,1074827775,DE
1074827776,1074828287,US
1074828288,1074828543,FR
1074828544,1074829823,US
1074829824,1074830079,FR
1074830080,1074831359,US
1074831360,1074831615,BR
1074831616,1074832639,US
1074832640,1074832895,CA
1074832896,1074833407,US
1074833408,1074833663,BR
1074833664,1074834175,US
1074834176,1074834431,IN
1074834432,1074834943,US
1074834944,1074835199,BR
1074835200,1074836479,US
1074836480,1074836735,BR
1074836736,1074837503,US
1074837504,1074837759,SG
1074837760,1074838015,US
1074838016,1074838271,SE
1074838272,1074839039,US
1074839040,1074839295,BR
1074839296,1074839551,US
1074839552,1074847743,SA
1074847744,1074871839,US
1074871840,1074871871,CA
1074871872,1074918399,US
1074918400,1074919423,RS
1074919424,1074937855,US
1074937856,1074946047,CA
1074946048,1074962431,US
1074962432,1074970623,CA
1074970624,1075165183,US
1075165184,1075167231,CA
1075167232,1075199999,US
1075200000,1075200511,CA
1075200512,1075203583,US
1075203584,1075204095,CA
1075204096,1075249151,US
1075249152,1075265535,CA
1075265536,1075273727,US
1075273728,1075281919,NL
1075281920,1075388415,US
1075388416,1075392511,TW
1075392512,1075407871,US
1075407872,1075408895,CA
1075408896,1075421183,US
1075421184,1075429375,CA
1075429376,1075453951,US
1075453952,1075458047,NL
1075458048,1075478527,US
1075478528,1075494911,CA
1075494912,1075576831,US
1075576832,1075585023,NO
1075585024,1075587071,US
1075587072,1075587583,RU
1075587584,1075587839,US
1075588096,1075609599,US
1075609600,1075613695,TT
1075613696,1075634175,US
1075634176,1075636223,CA
1075636224,1075646463,US
1075646464,1075646719,CA
1075646720,1075646975,US
1075646976,1075648511,CA
1075648512,1075679231,US
1075679232,1075687423,CA
1075687424,1075748351,US
1075748352,1075748607,BG
1075748608,1075774463,US
1075774464,1075774719,FR
1075774720,1075776255,US
1075776256,1075776511,JP
1075776512,1075780351,US
1075780352,1075780607,FR
1075780608,1075780863,US
1075780864,1075781119,DE
1075781120,1075781631,US
1075781632,1075781887,JP
1075781888,1075783423,US
1075783424,1075783679,DE
1075783680,1075784703,US
1075784704,1075784959,GB
1075784960,1075785727,US
1075785728,1075785983,JP
1075785984,1075786495,US
1075786496,1075786751,JP
1075786752,1075789567,US
1075789568,1075789823,FR
1075789824,1075849215,US
1075849216,1075849471,CA
1075849472,1075855359,US
1075855360,1075871743,DO
1075871744,1075877375,US
1075877376,1075877631,ES
1075877632,1075877887,US
1075877888,1075879935,HK
1075879936,1075887871,US
1075887872,1075888127,TW
1075888128,1075904511,US
1075904512,1075920895,JP
1075920896,1075970047,US
1075970048,1075974143,CA
1075974144,1075975167,AT
1075975168,1075984383,CA
1075984384,1075985407,US
1075985408,1075990527,CA
1075990528,1075994623,US
1075994624,1076035583,CA
1076035584,1076174847,US
1076178944,1076256767,US
1076256768,1076259839,GB
1076259840,1076318207,US
1076318208,1076322303,NO
1076322304,1076338687,US
1076338688,1076346879,CA
1076346880,1076355071,US
1076355072,1076355327,CY
1076355328,1076356095,US
1076356096,1076356351,PL
1076356352,1076357375,US
1076357376,1076357631,DE
1076357632,1076358143,US
1076358144,1076358399,DE
1076358400,1076358655,NZ
1076358656,1076358911,LV
1076358912,1076364287,US
1076364288,1076365311,CA
1076365312,1076365567,US
1076365568,1076365823,GB
1076365824,1076401151,US
1076401152,1076401407,AR
1076401408,1076401919,US
1076401920,1076402175,AR
1076402176,1076408319,US
1076408320,1076412415,CA
1076412416,1076424703,US
1076424704,1076428799,CA
1076428800,1076531199,US
1076531200,1076533247,CA
1076533248,1076543487,US
1076543488,1076559871,CA
1076559872,1076576255,IE
1076576256,1076576511,DK
1076576512,1076578303,RO
1076578304,1076578559,CH
1076578560,1076579839,RO
1076579840,1076580351,IT
1076580352,1076584447,RO
1076584448,1076584959,IT
1076584960,1076586495,RO
1076586496,1076587519,US
1076587520,1076592639,RO
1076592640,1076609023,IE
1076609024,1076622335,US
1076622336,1076622591,CA
1076622592,1076624063,US
1076624064,1076624127,CA
1076624128,1076624607,US
1076624608,1076624639,CA
1076624640,1076690943,US
1076690944,1076707327,SG
1076707328,1076734719,US
1076734720,1076734975,CA
1076734976,1076735231,US
1076735232,1076735487,CA
1076735488,1076756479,US
1076756480,1076772863,CA
1076772864,1076788223,US
1076788224,1076788479,PL
1076788480,1076788575,US
1076788576,1076788607,BR
1076788608,1076788639,CO
1076788640,1076788671,MX
1076788672,1076788991,CA
1076788992,1076789247,PL
1076789248,1076955135,US
1076955136,1076955391,SG
1076955392,1076955903,US
1076955904,1076956159,GB
1076956160,1076956415,US
1076956416,1076956671,TR
1076956672,1076956927,CA
1076956928,1076957183,TR
1076957184,1076959231,US
1076959232,1076960255,CA
1076960256,1076960511,US
1076960512,1076960767,CA
1076960768,1076964351,US
1076964352,1076965375,HK
1076965376,1076967423,US
1076967424,1076968447,DE
1076968448,1077053439,US
1077053440,1077055487,HK
1077055488,1077059583,CA
1077059584,1077067775,US
1077067776,1077068799,LT
1077068800,1077069823,CH
1077069824,1077091071,US
1077091072,1077091327,MX
1077091328,1077142527,US
1077142528,1077143295,MX
1077143296,1077143551,PL
1077143552,1077144063,NL
1077144064,1077144319,PL
1077144320,1077144575,NL
1077144576,1077152511,US
1077152512,1077152767,CA
1077152768,1077154559,US
1077154560,1077154815,GB
1077154816,1077155071,US
1077155072,1077155327,CA
1077155328,1077191679,US
1077191680,1077192703,GB
1077192704,1077428479,US
1077428480,1077428735,SG
1077428736,1077430015,US
1077430016,1077430271,SG
1077430272,1077444607,US
1077444608,1077452799,CA
1077452800,1077460991,JP
1077460992,1077465855,US
1077465856,1077466111,CA
1077466112,1077469183,US
1077469184,1077477375,CA
1077477376,1077506047,US
1077506048,1077510143,LS
1077510144,1077551103,US
1077551104,1077555199,CA
1077555200,1077568098,US
1077568099,1077568099,CA
1077568100,1077568178,US
1077568179,1077568179,CA
1077568180,1077568186,US
1077568187,1077568187,CA
1077568188,1077568257,US
1077568258,1077568258,CA
1077568259,1077568276,US
1077568277,1077568277,CA
1077568278,1077568301,US
1077568302,1077568302,CA
1077568303,1077568307,US
1077568308,1077568308,CA
1077568309,1077641215,US
1077641216,1077659647,CA
1077659648,1077661695,US
1077661696,1077665791,CY
1077665792,1077886975,US
1077886976,1077903359,JP
1077903360,1077960959,US
1077960960,1077961215,GB
1077961216,1077961471,LA
1077961472,1077961727,BO
1077961728,1077961983,CA
1077961984,1077962495,US
1077962496,1077962751,TR
1077962752,1077963775,US
1077963776,1077964031,IT
1077964032,1077964799,US
1077964800,1077965055,BD
1077965056,1077966079,US
1077966080,1077966111,BS
1077966112,1077966143,GT
1077966144,1077966175,JM
1077966176,1077966207,CR
1077966208,1077966239,KY
1077966240,1077966271,PA
1077966272,1077966303,PR
1077966304,1077966335,DO
1077966336,1077967103,US
1077967104,1077967359,ID
1077967360,1077977087,US
1077977088,1077985279,CA
1077985280,1078006015,US
1078006016,1078006271,CA
1078006272,1078008575,US
1078008576,1078008831,CA
1078008832,1078009855,US
1078009856,1078010111,CA
1078010112,1078010367,US
1078010368,1078010879,IE
1078010880,1078011903,US
1078011904,1078012671,CA
1078012672,1078012927,US
1078012928,1078013695,CA
1078013696,1078015999,US
1078016000,1078017279,CA
1078017280,1078018047,US
1078018048,1078034431,SA
1078034432,1078067199,US
1078067200,1078071295,BS
1078071296,1078076415,CA
1078076416,1078101247,US
1078101248,1078101503,JP
1078101504,1078102527,US
1078102528,1078102783,IE
1078102784,1078103039,DE
1078103040,1078103295,JP
1078103296,1078103551,SE
1078103552,1078103807,AU
1078103808,1078104063,SG
1078104064,1078104319,CH
1078104320,1078104575,CA
1078104576,1078104831,AU
1078104832,1078105087,ES
1078105088,1078105343,IL
1078105344,1078105599,CA
1078105600,1078105855,TH
1078105856,1078106111,ZA
1078106112,1078106367,IN
1078106368,1078106623,ID
1078106624,1078106879,FR
1078106880,1078107135,MX
1078107136,1078107391,HK
1078107392,1078107647,MY
1078107648,1078107903,IT
1078107904,1078108159,BR
1078108160,1078108415,GB
1078108416,1078108671,IN
1078108672,1078108927,KR
1078108928,1078116351,US
1078116352,1078128639,CA
1078128640,1078247423,US
1078247424,1078251519,CA
1078251520,1078280191,US
1078280192,1078288383,CA
1078288384,1078288639,IQ
1078288640,1078294015,US
1078294016,1078294527,BR
1078294528,1078386687,US
1078386688,1078394879,SG
1078394880,1078430195,US
1078430196,1078430199,AU
1078430200,1078456319,US
1078456320,1078460415,CA
1078460416,1078510591,US
1078510592,1078511615,CA
1078511616,1078513407,US
1078513408,1078513663,IN
1078513664,1078517759,US
1078517760,1078525951,CA
1078525952,1078577407,US
1078577408,1078577663,GB
1078577664,1078578943,US
1078578944,1078579711,TH
1078579712,1078580479,AU
1078580480,1078580735,US
1078580736,1078581503,IN
1078581504,1078605311,US
1078605312,1078605567,CA
1078605568,1078632703,US
1078632704,1078632959,CA
1078632960,1078633215,US
1078633216,1078633471,CA
1078633472,1078722559,US
1078722560,1078725631,AR
1078725632,1078725887,MX
1078725888,1078726143,AR
1078726144,1078726399,MX
1078726400,1078727103,AR
1078727104,1078727167,MX
1078727168,1078727423,AR
1078727424,1078727935,MX
1078727936,1078729215,AR
1078729216,1078729727,MX
1078729728,1078733311,AR
1078733312,1078733823,MX
1078733824,1078734847,AR
1078734848,1078737919,CO
1078737920,1078738943,EC
1078738944,1078739455,VE
1078739456,1078739967,US
1078739968,1078743039,PE
1078743040,1078746111,CO
1078746112,1078747135,PE
1078747136,1078749183,CL
1078749184,1078751231,PE
1078751232,1078753279,CO
1078753280,1078755327,AR
1078755328,1078757375,PE
1078757376,1078763519,CL
1078763520,1078765567,US
1078765568,1078767615,CL
1078767616,1078768639,CO
1078768640,1078769663,CL
1078769664,1078771711,CO
1078771712,1078773759,EC
1078773760,1078775807,PE
1078775808,1078777855,CO
1078777856,1078780927,EC
1078780928,1078781183,US
1078781184,1078782207,MX
1078782208,1078782463,US
1078782464,1078782719,MX
1078782720,1078782975,US
1078782976,1078783743,MX
1078783744,1078783999,US
1078784000,1078784255,MX
1078784256,1078788095,US
1078788096,1078820863,CA
1078820864,1078894591,US
1078894592,1078898687,TW
1078898688,1078978047,US
1078978048,1078978559,GB
1078978560,1078979071,US
1078979072,1078979583,UA
1078979584,1078981119,US
1078981120,1078981375,JP
1078981376,1078981631,FR
1078981632,1079068671,US
1079068672,1079069695,PH
1079069696,1079091711,US
1079091712,1079091967,SG
1079091968,1079094271,US
1079094272,1079094783,KR
1079094784,1079095295,EC
1079095296,1079098367,US
1079098368,1079098623,TH
1079098624,1079098879,US
1079098880,1079099135,RO
1079099136,1079189503,US
1079189504,1079195647,JP
1079195648,1079196671,HK
1079196672,1079320575,US
1079320576,1079328767,CA
1079328768,1079378943,US
1079378944,1079379527,CA
1079379528,1079379535,US
1079379536,1079379647,CA
1079379648,1079381119,US
1079381120,1079381183,CA
1079381184,1079381535,US
1079381536,1079381567,CA
1079381568,1079381599,US
1079381600,1079381631,HK
1079381632,1079384613,US
1079384614,1079384615,JP
1079384616,1079384617,US
1079384618,1079384619,JP
1079384620,1079385855,US
1079385856,1079385983,CA
1079385984,1079386111,US
1079386112,1079386623,CA
1079386624,1079390207,US
1079390208,1079390239,CA
1079390240,1079394303,US
1079394304,1079394559,SG
1079394560,1079395839,US
1079395840,1079395871,CA
1079395872,1079399607,US
1079399608,1079399615,CA
1079399616,1079399679,US
1079399680,1079399935,CA
1079399936,1079400639,US
1079400640,1079400703,CA
1079400704,1079402751,US
1079402752,1079403007,CA
1079403008,1079403519,US
1079403520,1079403775,CA
1079403776,1079405039,US
1079405040,1079405055,CA
1079405056,1079405375,US
1079405376,1079405407,CA
1079405408,1079405567,US
1079405568,1079406111,CA
1079406112,1079406113,US
1079406114,1079406115,CA
1079406116,1079407359,US
1079407360,1079407487,CA
1079407488,1079409919,US
1079409920,1079410175,CA
1079410176,1079413759,US
1079413760,1079414271,CA
1079414272,1079414609,US
1079414610,1079414611,GB
1079414612,1079422223,US
1079422224,1079422239,CA
1079422240,1079427327,US
1079427328,1079427583,CA
1079427584,1079429119,US
1079429120,1079429247,GB
1079429248,1079433471,US
1079433472,1079433727,IN
1079433728,1079435775,US
1079435776,1079435903,CA
1079435904,1079436031,US
1079436032,1079436159,CA
1079436160,1079439359,US
1079439360,1079440223,CA
1079440224,1079440255,US
1079440256,1079441275,CA
1079441276,1079441279,US
1079441280,1079441375,CA
1079441376,1079459839,US
1079459840,1079508991,CA
1079508992,1079574527,US
1079574528,1079578623,PR
1079578624,1079615487,US
1079615488,1079615999,LU
1079616000,1079616255,US
1079616256,1079616511,DE
1079616512,1079617535,US
1079617536,1079618559,BM
1079618560,1079623679,US
1079623680,1079627775,PR
1079627776,1079640063,US
1079640064,1079648255,HK
1079648256,1079664639,US
1079664640,1079665407,CA
1079665408,1079665663,US
1079665664,1079667455,CA
1079667456,1079667711,US
1079667712,1079667967,CA
1079667968,1079668223,GB
1079668224,1079668479,CA
1079668480,1079854079,US
1079854080,1079855103,PR
1079855104,1079857151,US
1079857152,1079857407,ES
1079857408,1079857663,FR
1079857664,1079858175,GB
1079858176,1079861247,US
1079861248,1079865343,CA
1079865344,1079924223,US
1079924224,1079924479,CA
1079924480,1080006143,US
1080006144,1080006655,FR
1080006656,1080017919,US
1080017920,1080018431,CA
1080018432,1080033279,US
1080033280,1080049663,CA
1080049664,1080056831,US
1080056832,1080066047,CA
1080066048,1080165375,US
1080165376,1080168447,CA
1080168448,1080172063,US
1080172064,1080172095,CA
1080172096,1080172159,US
1080172160,1080172287,CA
1080172288,1080172415,US
1080172416,1080176639,CA
1080176640,1080180511,US
1080180512,1080180671,CA
1080180672,1080181759,US
1080181760,1080181807,CA
1080181808,1080181811,US
1080181812,1080181815,CA
1080181816,1080181831,US
1080181832,1080181839,CA
1080181840,1080181871,US
1080181872,1080181879,CA
1080181880,1080181911,US
1080181912,1080181919,CA
1080181920,1080181999,US
1080182000,1080182007,CA
1080182008,1080182047,US
1080182048,1080182055,CA
1080182056,1080182147,US
1080182148,1080182159,CA
1080182160,1080182215,US
1080182216,1080182219,CA
1080182220,1080184319,US
1080184320,1080184831,CA
1080184832,1080185855,US
1080185856,1080185859,CA
1080185860,1080186023,US
1080186024,1080186027,CA
1080186028,1080186103,US
1080186104,1080186367,CA
1080186368,1080188415,US
1080188416,1080189951,CA
1080189952,1080191503,US
1080191504,1080191519,CA
1080191520,1080191527,US
1080191528,1080191535,CA
1080191536,1080191543,US
1080191544,1080191551,CA
1080191552,1080191671,US
1080191672,1080191679,CA
1080191680,1080191687,US
1080191688,1080191999,CA
1080192000,1080192543,US
1080192544,1080196095,CA
1080196096,1080197119,US
1080197120,1080213503,CA
1080213504,1080217343,US
1080217344,1080217599,CA
1080217600,1080221439,US
1080221440,1080221695,CA
1080221696,1080225791,US
1080225792,1080226303,CA
1080226304,1080228351,US
1080228352,1080228379,CA
1080228380,1080228383,US
1080228384,1080228415,CA
1080228416,1080228423,US
1080228424,1080228447,CA
1080228448,1080228455,US
1080228456,1080228535,CA
1080228536,1080228551,US
1080228552,1080228559,CA
1080228560,1080228591,US
1080228592,1080228631,CA
1080228632,1080228703,US
1080228704,1080228863,CA
1080228864,1080229631,US
1080229632,1080256511,CA
1080256512,1080260607,US
1080260608,1080261631,CA
1080261632,1080262399,US
1080262400,1080266751,CA
1080266752,1080270847,US
1080270848,1080283135,CA
1080283136,1080289279,US
1080289280,1080290047,CA
1080290048,1080294399,US
1080294400,1080295423,CA
1080295424,1080492031,US
1080492032,1080502271,NL
1080502272,1080504319,GB
1080504320,1080508415,NL
1080508416,1080520703,GB
1080520704,1080524799,NL
1080524800,1080557567,IN
1080557568,1080573951,JP
1080573952,1080582143,SG
1080582144,1080590335,JP
1080590336,1080598527,IN
1080598528,1080606719,JP
1080606720,1080623103,AU
1080623104,1080644607,US
1080644608,1080645119,IN
1080645120,1080645631,US
1080645632,1080646143,NZ
1080646144,1080646655,IN
1080646656,1080647167,PL
1080647168,1080664575,US
1080664576,1080664831,SG
1080664832,1080671231,US
1080671232,1080671487,KR
1080671488,1080673279,US
1080673280,1080673535,TH
1080673536,1080673791,US
1080673792,1080674047,HK
1080674048,1080675071,US
1080675072,1080675327,MX
1080675328,1080675583,US
1080675584,1080675839,MY
1080675840,1080676351,US
1080676352,1080676863,DE
1080676864,1080677375,US
1080677376,1080678911,DE
1080678912,1080679423,JP
1080679424,1080680447,DE
1080680448,1080680959,BE
1080680960,1080681471,HU
1080681472,1080681983,IN
1080681984,1080682495,IT
1080682496,1080683007,NO
1080683008,1080684031,DE
1080684032,1080684543,BE
1080684544,1080958975,US
1080958976,1080963071,CH
1080963072,1080967167,US
1080967168,1080975359,KR
1080975360,1080981503,JP
1080981504,1080983551,AE
1080983552,1080999935,US
1080999936,1081016319,CA
1081016320,1081038847,US
1081038848,1081039871,FR
1081039872,1081040383,NL
1081040384,1081047039,US
1081047040,1081049087,SG
1081049088,1081082879,US
1081082880,1081083903,CA
1081083904,1081085951,US
1081085952,1081086975,JM
1081086976,1081089279,US
1081089536,1081094399,US
1081094656,1081095167,CA
1081095168,1081098751,US
1081099008,1081099263,US
1081099264,1081100287,CA
1081100288,1081103103,US
1081103104,1081103359,RU
1081103360,1081104383,US
1081104384,1081105407,CA
1081105408,1081106431,US
1081106432,1081106943,CA
1081106944,1081107199,AR
1081107200,1081107455,CA
1081107456,1081113599,US
1081113600,1081114623,SE
1081114624,1081151487,US
1081151488,1081151743,HK
1081151744,1081212927,US
1081212928,1081278463,CA
1081278464,1081479167,US
1081479168,1081483263,CA
1081483264,1081507839,US
1081507840,1081509887,HK
1081509888,1081511935,SG
1081511936,1081513983,JP
1081513984,1081515007,US
1081515008,1081516031,DE
1081516032,1081532415,US
1081532416,1081540607,CA
1081540608,1081544703,US
1081544704,1081548799,MN
1081548800,1081556991,US
1081556992,1081561087,NL
1081561088,1081565183,US
1081565184,1081573375,CA
1081573376,1081589759,US
1081589760,1081593855,BB
1081593856,1081597951,CA
1081597952,1081628671,US
1081628672,1081629695,HK
1081629696,1081630719,SG
1081630720,1081634303,US
1081634304,1081634815,SG
1081634816,1081637375,HK
1081637376,1081668607,US
1081668608,1081668863,NZ
1081668864,1081916415,US
1081916416,1081916927,SG
1081916928,1082048511,US
1082048512,1082064895,FR
1082064896,1082122239,US
1082122240,1082130431,SG
1082130432,1082264063,US
1082264064,1082264319,CA
1082264320,1082269695,US
1082269696,1082269951,DE
1082269952,1082271743,US
1082271744,1082272255,DE
1082272256,1082272767,NL
1082272768,1082273023,JP
1082273024,1082273279,US
1082273280,1082273535,GB
1082273536,1082273791,DE
1082273792,1082274047,US
1082274048,1082274303,JP
1082274304,1082274559,DE
1082274560,1082274815,US
1082274816,1082275071,NL
1082275072,1082275583,US
1082275584,1082275839,NL
1082275840,1082276095,US
1082276096,1082276351,DE
1082276352,1082277119,US
1082277120,1082277375,IE
1082277376,1082277631,NL
1082277632,1082277887,GB
1082277888,1082314751,US
1082314752,1082318847,CA
1082318848,1082683391,US
1082683392,1082687487,CA
1082687488,1082720255,US
1082720256,1082722559,GB
1082722560,1082722815,US
1082722816,1082734079,GB
1082734080,1082734335,NL
1082734336,1082750719,GB
1082750720,1082750975,DE
1082750976,1082752255,GB
1082752256,1082752511,NL
1082752512,1082753023,GB
1082753024,1082761215,CA
1082761216,1082769407,US
1082769408,1082785791,SA
1082785792,1082853375,US
1082853376,1082853631,KR
1082853632,1082854911,US
1082854912,1082855167,KR
1082855168,1082859519,US
1082859520,1082860543,DE
1082860544,1082861567,HK
1082861568,1082862079,DE
1082862080,1082862591,AU
1082862592,1082863103,JP
1082863104,1082864127,AU
1082864128,1082864639,SG
1082864640,1082865151,PL
1082865152,1082865663,DE
1082865664,1082866175,AU
1082866176,1082866687,PL
1082866688,1082867199,AU
1082867200,1082867711,SE
1082867712,1082945535,US
1082945536,1082949631,CA
1082949632,1082953727,US
1082953728,1082957823,PF
1082957824,1082982399,US
1082982400,1083015167,CA
1083015168,1083183359,US
1083183360,1083183615,DE
1083183616,1083186175,MX
1083186176,1083186431,JP
1083186432,1083186943,US
1083186944,1083187199,GB
1083187200,1083228671,US
1083228672,1083229183,JP
1083229184,1083231743,US
1083231744,1083232767,ZA
1083232768,1083233791,DE
1083233792,1083235327,US
1083235328,1083235839,IN
1083235840,1083236351,ZA
1083236352,1083236863,PH
1083236864,1083237119,HK
1083237120,1083237375,US
1083237376,1083238399,PH
1083238400,1083238655,US
1083238656,1083238911,GB
1083238912,1083239167,DE
1083239168,1083239423,HK
1083239424,1083239679,JP
1083239680,1083239935,SG
1083239936,1083240191,GB
1083240192,1083245055,US
1083245056,1083245311,SG
1083245312,1083245567,US
1083245568,1083246079,ZA
1083246080,1083248127,US
1083248128,1083248383,SG
1083248384,1083248639,US
1083248640,1083249151,DE
1083249152,1083249663,US
1083249664,1083250175,DE
1083250176,1083250687,PL
1083250688,1083251199,DE
1083251200,1083251711,AT
1083251712,1083252735,DE
1083252736,1083263487,US
1083263488,1083263999,ES
1083264000,1083269119,US
1083269120,1083270143,AU
1083270144,1083272191,US
1083272192,1083274239,SE
1083274240,1083274751,US
1083274752,1083275007,ES
1083275008,1083275263,US
1083275264,1083276287,AU
1083276288,1083277311,US
1083277312,1083310079,HK
1083310080,1083396095,US
1083396096,1083400191,BM
1083400192,1083437055,US
1083437056,1083441151,CA
1083441152,1083621375,US
1083621376,1083637759,BS
1083637760,1083686911,US
1083686912,1083703295,CA
1083703296,1085276159,US
1085276160,1085284351,CL
1085284352,1085292543,JP
1085292544,1085296639,PL
1085296640,1085300735,SG
1085300736,1085308927,IN
1085308928,1085317119,US
1085317120,1085321215,IL
1085321216,1085325311,GB
1085325312,1085333503,US
1085333504,1085341695,KR
1085341696,1085349887,US
1085349888,1085351935,ES
1085351936,1085358079,US
1085358080,1085362175,IL
1085362176,1085366271,MX
1085366272,1085431807,US
1085431808,1085435903,HK
1085435904,1085438207,US
1085438208,1085438463,HK
1085438464,1085439999,US
1085440000,1085448191,CA
1085448192,1085456383,US
1085456384,1085464575,PR
1085464576,1085526015,US
1085526016,1085530111,CA
1085530112,1085538303,US
1085538304,1085603839,CA
1085603840,1085637631,US
1085637632,1085637887,CL
1085637888,1085640703,US
1085640704,1085641215,BR
1085641216,1085641727,MX
1085641728,1085644799,US
1085644800,1085652991,BR
1085652992,1085849599,US
1085849600,1085857791,CA
1085857792,1085915135,US
1085915136,1085923327,PR
1085923328,1085934079,US
1085934080,1085934335,CA
1085934336,1085935103,US
1085935104,1085935615,PR
1085935616,1085938687,US
1085938688,1085939711,CA
1085939712,1085976575,US
1085976576,1085980671,CA
1085980672,1085997055,US
1085997056,1086013439,CA
1086013440,1086021887,US
1086021888,1086022143,CA
1086022144,1086024703,US
1086024704,1086024959,LU
1086024960,1086028543,US
1086028544,1086028799,CA
1086028800,1086042111,US
1086042112,1086046207,CA
1086046208,1086050815,US
1086050816,1086051327,CA
1086051328,1086070783,US
1086070784,1086074879,KR
1086074880,1086076927,US
1086076928,1086077439,DE
1086077440,1086077951,NL
1086077952,1086078463,DE
1086078464,1086078975,NL
1086078976,1086081279,DE
1086081280,1086081791,FI
1086081792,1086082047,NL
1086082048,1086082303,FI
1086082304,1086082559,NL
1086082560,1086082815,EE
1086082816,1086083071,DE
1086083072,1086083327,FI
1086083328,1086083583,SE
1086083584,1086083839,EE
1086083840,1086084095,DE
1086084096,1086085119,NL
1086085120,1086085375,US
1086085376,1086085631,NL
1086085632,1086085887,RU
1086085888,1086086399,DE
1086086400,1086086655,FI
1086086656,1086087679,NL
1086087680,1086088191,DE
1086088192,1086089215,CA
1086089216,1086089983,DE
1086089984,1086090239,FI
1086090240,1086091263,NL
1086091264,1086091519,DE
1086091520,1086091775,NL
1086091776,1086092031,US
1086092032,1086092543,DE
1086092544,1086092799,NL
1086092800,1086093311,DE
1086093312,1086094335,CA
1086094336,1086094591,DE
1086094592,1086094847,FI
1086094848,1086095103,NL
1086095104,1086199039,US
1086199040,1086199295,FR
1086199296,1086203903,US
1086203904,1086204415,IE
1086204416,1086204671,US
1086204672,1086204927,PL
1086204928,1086209535,US
1086209536,1086210047,DE
1086210048,1086213119,US
1086213120,1086213375,IT
1086213376,1086214399,US
1086214400,1086214655,NL
1086214656,1086222847,US
1086222848,1086223359,ES
1086223360,1086223871,US
1086223872,1086224383,FR
1086224384,1086229247,US
1086229248,1086229503,CA
1086229504,1086229759,US
1086229760,1086230015,PL
1086230016,1086236415,US
1086236416,1086236671,FR
1086236672,1086241279,US
1086241280,1086241535,CA
1086241536,1086245119,US
1086245120,1086245375,CA
1086245376,1086249727,US
1086249728,1086249983,FR
1086249984,1086254591,US
1086254592,1086255103,DE
1086255104,1086258175,US
1086258176,1086259199,LT
1086259200,1086267391,US
1086267392,1086271487,CA
1086271488,1086315519,US
1086315520,1086316031,CO
1086316032,1086318591,US
1086318592,1086319615,BR
1086319616,1086421503,US
1086421504,1086422015,GU
1086422016,1086922751,US
1086922752,1086930943,CA
1086930944,1086955519,US
1086955520,1086971903,CA
1086971904,1087005439,US
1087005440,1087005951,JP
1087005952,1087006463,US
1087006464,1087006719,JP
1087006720,1087006975,US
1087006976,1087007487,JP
1087007488,1087011583,US
1087011584,1087012095,CA
1087012096,1087016959,US
1087016960,1087021055,CA
1087021056,1087062015,US
1087062016,1087070207,CA
1087070208,1087111423,US
1087111424,1087111679,JP
1087111680,1087112447,US
1087112448,1087112703,JP
1087112704,1087112959,US
1087112960,1087113215,JP
1087113216,1087114239,US
1087114240,1087114495,JP
1087114496,1087116799,US
1087116800,1087117311,JP
1087117312,1087118335,US
1087118336,1087119359,HK
1087119360,1087119615,US
1087119616,1087119871,JP
1087119872,1087121919,US
1087121920,1087122431,JP
1087122432,1087123455,US
1087123456,1087123967,JP
1087123968,1087125759,US
1087125760,1087126015,DO
1087126016,1087126527,US
1087126528,1087126783,BR
1087126784,1087127807,US
1087127808,1087129599,JP
1087129600,1087133695,US
1087133696,1087134207,JP
1087134208,1087134463,CO
1087134464,1087136767,US
1087136768,1087137023,JP
1087137024,1087137279,US
1087137280,1087137535,JP
1087137536,1087137791,US
1087137792,1087138559,JP
1087138560,1087141631,US
1087141632,1087142911,JP
1087142912,1087143935,US
1087143936,1087145983,JP
1087145984,1087146239,ZA
1087146240,1087146751,US
1087146752,1087147007,PH
1087147008,1087147263,DE
1087147264,1087147519,US
1087147520,1087147775,DE
1087147776,1087148031,US
1087148032,1087152127,DE
1087152128,1087154431,US
1087154432,1087154943,DE
1087154944,1087156223,US
1087156224,1087156735,DE
1087156736,1087157247,US
1087157248,1087157503,DE
1087157504,1087157759,US
1087157760,1087158015,DE
1087158016,1087160319,US
1087160320,1087161343,DE
1087161344,1087162879,US
1087162880,1087163135,SE
1087163136,1087163391,DE
1087163392,1087164415,US
1087164416,1087165951,DE
1087165952,1087168255,US
1087168256,1087168511,DE
1087168512,1087171327,US
1087171328,1087172607,DE
1087172608,1087173119,US
1087173120,1087173375,SE
1087173376,1087174655,US
1087174656,1087176703,DE
1087176704,1087209471,US
1087209472,1087210495,ES
1087210496,1087211519,US
1087211520,1087212543,GB
1087212544,1087213567,US
1087213568,1087214591,GB
1087214592,1087221759,US
1087221760,1087222015,HK
1087222016,1087222271,US
1087222272,1087222527,SG
1087222528,1087222783,HK
1087222784,1087223039,US
1087223040,1087223551,SG
1087223552,1087223807,HK
1087223808,1087228415,US
1087228416,1087228671,SG
1087228672,1087228927,US
1087228928,1087229183,SG
1087229184,1087307775,US
1087307776,1087324159,GB
1087324160,1087360511,US
1087360512,1087360767,CA
1087360768,1087361023,US
1087361024,1087363071,AF
1087363072,1087364351,US
1087364608,1087494143,US
1087494144,1087496191,CA
1087496192,1087520767,US
1087520768,1087521023,PA
1087521024,1087837695,US
1087837696,1087837951,BR
1087837952,1088424447,US
1088424448,1088424959,CA
1088424960,1088425983,DK
1088425984,1088426495,US
1088426496,1088426751,IN
1088426752,1088427007,US
1088427008,1088427263,CA
1088427264,1088427519,PH
1088427520,1088446463,US
1088446464,1088458751,PH
1088458752,1088462847,AF
1088462848,1088471039,US
1088471040,1088485375,CA
1088485376,1088503807,US
1088503808,1088508927,NL
1088508928,1088509951,IN
1088509952,1088510975,US
1088510976,1088516095,DE
1088516096,1088520191,US
1088520192,1088524287,PL
1088524288,1088526335,ES
1088526336,1088528383,CA
1088528384,1088544767,ES
1088544768,1088550655,US
1088550656,1088550911,CA
1088550912,1088552959,US
1088552960,1088557055,CA
1088557056,1088566271,US
1088566272,1088566783,CA
1088566784,1088567039,FR
1088567040,1088567295,MA
1088567296,1088569343,PH
1088569344,1088585727,DE
1088585728,1088589311,US
1088589312,1088589567,CA
1088589568,1088591871,US
1088591872,1088592383,CA
1088592384,1088593151,US
1088593152,1088593407,RO
1088593408,1088593919,PH
1088593920,1088602111,ES
1088602112,1088603135,CA
1088603136,1088604159,IL
1088604160,1088605183,CA
1088605184,1088609279,US
1088609280,1088609535,CA
1088609536,1088610815,US
1088610816,1088611071,CA
1088611072,1088617471,US
1088617472,1088618239,CA
1088618240,1088626687,US
1088626688,1088630783,GB
1088630784,1088634879,US
1088634880,1088638975,NL
1088638976,1088647167,US
1088647168,1088651263,DE
1088651264,1088667647,IN
1088667648,1088670207,US
1088670208,1088670463,CA
1088670464,1088671743,US
1088671744,1088673791,CA
1088673792,1088675839,US
1088675840,1088676863,CA
1088676864,1088684031,US
1088684032,1088946175,CA
1088946176,1089106687,US
1089106688,1089106943,CA
1089106944,1089107455,US
1089107456,1089107711,CA
1089107712,1089167359,US
1089167360,1089171455,CA
1089171456,1089191935,US
1089191936,1089200127,CA
1089200128,1089200135,KR
1089200136,1089200143,TH
1089200144,1089200151,MY
1089200152,1089200159,JP
1089200160,1089200175,SG
1089200176,1089200183,JP
1089200184,1089200199,SG
1089200200,1089200207,MY
1089200208,1089200215,JP
1089200216,1089200223,HK
1089200224,1089200255,SG
1089200256,1089200263,PH
1089200264,1089200271,VN
1089200272,1089200279,SG
1089200280,1089200303,JP
1089200304,1089200319,SG
1089200320,1089200327,PH
1089200328,1089200343,SG
1089200344,1089200351,HK
1089200352,1089200359,IN
1089200360,1089200367,JP
1089200368,1089200375,SG
1089200376,1089200379,HK
1089200380,1089200639,JP
1089200640,1089200895,US
1089200896,1089200911,HK
1089200912,1089200915,MY
1089200916,1089200927,HK
1089200928,1089200935,SG
1089200936,1089200943,JP
1089200944,1089200959,SG
1089200960,1089200967,US
1089200968,1089200975,PH
1089200976,1089200983,JP
1089200984,1089200991,SG
1089200992,1089200999,JP
1089201000,1089201007,TW
1089201008,1089201015,SG
1089201016,1089201023,JP
1089201024,1089201039,PH
1089201040,1089201055,SG
1089201056,1089201063,HK
1089201064,1089201087,SG
1089201088,1089201095,TH
1089201096,1089201103,SG
1089201104,1089201111,JP
1089201112,1089201119,TH
1089201120,1089201151,JP
1089201152,1089201159,HK
1089201160,1089201179,SG
1089201180,1089201183,JP
1089201184,1089201191,MY
1089201192,1089201199,SG
1089201200,1089201215,HK
1089201216,1089201223,TW
1089201224,1089201231,US
1089201232,1089201279,SG
1089201280,1089201287,IN
1089201288,1089201295,JP
1089201296,1089201303,SG
1089201304,1089201311,JP
1089201312,1089201319,PH
1089201320,1089201327,JP
1089201328,1089201335,SG
1089201336,1089201343,JP
1089201344,1089201359,SG
1089201360,1089201363,HK
1089201364,1089201375,JP
1089201376,1089201383,HK
1089201384,1089201391,SG
1089201392,1089201399,HK
1089201400,1089201407,JP
1089201408,1089201663,US
1089201664,1089201671,JP
1089201672,1089201687,US
1089201688,1089201727,SG
1089201728,1089201759,JP
1089201760,1089201783,SG
1089201784,1089201791,JP
1089201792,1089201799,SG
1089201800,1089201807,HK
1089201808,1089201815,SG
1089201816,1089201819,CN
1089201820,1089201823,TW
1089201824,1089201827,SG
1089201828,1089201831,HK
1089201832,1089201839,JP
1089201840,1089201847,KR
1089201848,1089201855,HK
1089201856,1089201863,IN
1089201864,1089201871,ID
1089201872,1089201879,MY
1089201880,1089201887,PH
1089201888,1089201895,TH
1089201896,1089201903,VN
1089201904,1089201911,AU
1089201912,1089201915,SG
1089201916,1089201919,HK
1089201920,1089202175,US
1089202176,1089202215,HK
1089202216,1089202219,VN
1089202220,1089202231,SG
1089202232,1089202239,JP
1089202240,1089202335,SG
1089202336,1089202343,JP
1089202344,1089202351,IN
1089202352,1089202359,JP
1089202360,1089202375,SG
1089202376,1089202383,JP
1089202384,1089202391,HK
1089202392,1089202395,JP
1089202396,1089202399,HK
1089202400,1089202407,JP
1089202408,1089202415,SG
1089202416,1089202423,HK
1089202424,1089202431,JP
1089202432,1089202815,US
1089202816,1089202943,HK
1089202944,1089203199,US
1089203200,1089203203,JP
1089203204,1089203207,PH
1089203208,1089203215,HK
1089203216,1089203247,JP
1089203248,1089203255,SG
1089203256,1089203263,JP
1089203264,1089203279,SG
1089203280,1089203295,AU
1089203296,1089203311,JP
1089203312,1089203327,SG
1089203328,1089203335,PH
1089203336,1089203339,HK
1089203340,1089203343,JP
1089203344,1089203351,MY
1089203352,1089203359,AU
1089203360,1089203367,JP
1089203368,1089203375,TH
1089203376,1089203379,HK
1089203380,1089203383,SG
1089203384,1089203391,PH
1089203392,1089203455,JP
1089203456,1089203711,US
1089203712,1089203775,SG
1089203776,1089203839,US
1089203840,1089203843,SG
1089203844,1089203863,JP
1089203864,1089203871,HK
1089203872,1089203903,US
1089203904,1089203967,SG
1089203968,1089203983,JP
1089203984,1089203991,SG
1089203992,1089204007,JP
1089204008,1089204027,SG
1089204028,1089204087,JP
1089204088,1089204091,PH
1089204092,1089204111,JP
1089204112,1089204127,PH
1089204128,1089204135,SG
1089204136,1089204151,HK
1089204152,1089204167,JP
1089204168,1089204179,SG
1089204180,1089204183,JP
1089204184,1089204207,SG
1089204208,1089204251,JP
1089204252,1089204255,SG
1089204256,1089204263,JP
1089204264,1089204271,SG
1089204272,1089204287,JP
1089204288,1089204303,SG
1089204304,1089204311,HK
1089204312,1089204319,JP
1089204320,1089204335,SG
1089204336,1089204487,JP
1089204488,1089204511,SG
1089204512,1089204543,US
1089204544,1089204559,SG
1089204560,1089204567,US
1089204568,1089204575,SG
1089204576,1089204591,US
1089204592,1089204599,HK
1089204600,1089204607,JP
1089204608,1089204639,DE
1089204640,1089204647,IN
1089204648,1089204655,JP
1089204656,1089204671,HK
1089204672,1089204687,JP
1089204688,1089204695,HK
1089204696,1089204703,SG
1089204704,1089204719,HK
1089204720,1089204727,SG
1089204728,1089204735,JP
1089204736,1089206527,US
1089206528,1089206655,HK
1089206656,1089206783,US
1089206784,1089206799,JP
1089206800,1089206807,US
1089206808,1089206811,SG
1089206812,1089206847,US
1089206848,1089206855,HK
1089206856,1089206867,US
1089206868,1089206871,HK
1089206872,1089206875,SG
1089206876,1089206879,US
1089206880,1089206911,SG
1089206912,1089206919,US
1089206920,1089206927,HK
1089206928,1089206935,JP
1089206936,1089206951,SG
1089206952,1089206959,HK
1089206960,1089206971,JP
1089206972,1089206983,US
1089206984,1089206991,JP
1089206992,1089207007,US
1089207008,1089207015,JP
1089207016,1089207023,PH
1089207024,1089207039,JP
1089207040,1089208055,US
1089208056,1089208059,HK
1089208060,1089208255,US
1089208256,1089208263,JP
1089208264,1089208319,US
1089208320,1089273855,GB
1089273856,1089306623,US
1089306624,1089339391,PR
1089339392,1089363967,US
1089363968,1089372159,GB
1089372160,1089391359,US
1089391360,1089391615,DE
1089391616,1089391871,NL
1089391872,1089406207,US
1089406208,1089406463,CA
1089406464,1089406719,US
1089406720,1089409023,CA
1089409024,1089409535,US
1089409536,1089409791,CA
1089409792,1089410047,NO
1089410048,1089410559,US
1089410560,1089410815,CA
1089410816,1089411071,IL
1089411072,1089412095,VN
1089412096,1089412607,US
1089412608,1089412863,CA
1089412864,1089413119,US
1089413120,1089413631,NL
1089413632,1089414143,DE
1089414144,1089414399,CA
1089414400,1089414655,US
1089414656,1089415167,CA
1089415168,1089419263,US
1089419264,1089419775,NO
1089419776,1089420031,CA
1089420032,1089420287,US
1089420288,1089420799,AT
1089420800,1089421055,CA
1089421056,1089421311,US
1089421312,1089422335,CA
1089422336,1089423103,US
1089423104,1089423359,CA
1089423360,1089424127,US
1089424128,1089425407,CA
1089425408,1089432575,US
1089432576,1089432831,CA
1089432832,1089434111,US
1089434112,1089434623,CA
1089434624,1089434879,GB
1089434880,1089435135,US
1089435136,1089435391,NL
1089435392,1089435647,KY
1089435648,1089436159,GB
1089436160,1089436415,CA
1089436416,1089436671,US
1089436672,1089437183,CA
1089437184,1089437439,US
1089437440,1089437695,CA
1089437696,1089465343,US
1089465344,1089466367,GB
1089466368,1089880063,US
1089880064,1089881087,NL
1089881088,1089882111,US
1089882112,1089884159,SA
1089884160,1089888255,NZ
1089888256,1089961983,US
1089961984,1089970175,CA
1089970176,1089974271,PR
1089974272,1090121727,US
1090121728,1090125823,HK
1090125824,1090146303,US
1090146304,1090150399,CA
1090150400,1090207743,US
1090207744,1090215935,CA
1090215936,1090240511,US
1090240512,1090241535,AU
1090241536,1090242559,US
1090242560,1090244607,AU
1090244608,1090276863,US
1090276864,1090277887,BR
1090277888,1090278911,GB
1090278912,1090279935,DE
1090279936,1090281727,US
1090281728,1090281983,AE
1090281984,1090283007,IN
1090283008,1090284031,SG
1090284032,1090285055,AU
1090285056,1090286079,JP
1090286080,1090287103,IE
1090287104,1090288639,US
1090288640,1090288895,CA
1090288896,1090289151,US
1090289152,1090289407,FR
1090289408,1090330623,US
1090330624,1090338815,GB
1090338816,1090345983,US
1090345984,1090346239,TH
1090346240,1090346495,GB
1090346496,1090355199,US
1090355200,1090363391,CA
1090363392,1090387967,US
1090387968,1090396159,CA
1090396160,1090428927,US
1090428928,1090433023,IT
1090433024,1090445311,US
1090445312,1090453503,CA
1090453504,1090455551,GB
1090455552,1090457087,CA
1090457088,1090457599,US
1090457600,1090459647,GB
1090459648,1090459903,US
1090459904,1090460159,FI
1090460160,1090460415,CH
1090460416,1090460671,IL
1090460672,1090461695,GB
1090461696,1090462719,US
1090462720,1090463743,GB
1090463744,1090464255,US
1090464256,1090464511,SG
1090464512,1090464767,US
1090464768,1090465279,IL
1090465280,1090465791,US
1090465792,1090466815,GB
1090466816,1090467327,US
1090467328,1090467583,SG
1090467584,1090467839,US
1090467840,1090469887,GB
1090469888,1090511871,US
1090511872,1090512895,CA
1090512896,1090519039,US
